[
  {
    "nome": "Heliópolis",
    "nome_secundario": "-"
  },
  {
    "nome": "Heliópolis - Viela Das Gaivotas",
    "nome_secundario": "Viela da Sabesp"
  },
  {
    "nome": "Heliópolis L2 (Atílio Bartalini)",
    "nome_secundario": "-"
  },
  {
    "nome": "Cocaia I",
    "nome_secundario": "-"
  },
  {
    "nome": "Parque Cocaia II",
    "nome_secundario": "-"
  },
  {
    "nome": "Parque Cocaia III",
    "nome_secundario": "-"
  },
  {
    "nome": "Paraisópolis",
    "nome_secundario": "-"
  },
  {
    "nome": "Futuro Melhor",
    "nome_secundario": "Peri Alto"
  },
  {
    "nome": "São Remo",
    "nome_secundario": "-"
  },
  {
    "nome": "Abacateiro",
    "nome_secundario": "Pinhal do Portomar"
  }
]